HELLO,demo/HELLO.mp4
GOODBYE,demo/GOODBYE.mp4
PLEASE,demo/PLEASE.mp4
THANK-YOU,demo/THANK-YOU.mp4
SORRY,demo/SORRY.mp4
YES,demo/YES.mp4
NO,demo/NO.mp4
GOOD,demo/GOOD.mp4
BAD,demo/BAD.mp4
FINE,demo/FINE.mp4
OK,demo/OK.mp4
COOL,demo/COOL.mp4
ME,demo/ME.mp4
YOU,demo/YOU.mp4
HE,demo/HE.mp4
SHE,demo/SHE.mp4
WE,demo/WE.mp4
THEY,demo/THEY.mp4
MY,demo/MY.mp4
YOUR,demo/YOUR.mp4
HIS,demo/HIS.mp4
HER,demo/HER.mp4
OUR,demo/OUR.mp4
NAME,demo/NAME.mp4
FRIEND,demo/FRIEND.mp4
FAMILY,demo/FAMILY.mp4
MAN,demo/MAN.mp4
WOMAN,demo/WOMAN.mp4
BOY,demo/BOY.mp4
GIRL,demo/GIRL.mp4
CHILD,demo/CHILD.mp4
EAT,demo/EAT.mp4
DRINK,demo/DRINK.mp4
SLEEP,demo/SLEEP.mp4
HELP,demo/HELP.mp4
NEED,demo/NEED.mp4
WANT,demo/WANT.mp4
GO,demo/GO.mp4
COME,demo/COME.mp4
STOP,demo/STOP.mp4
WORK,demo/WORK.mp4
SCHOOL,demo/SCHOOL.mp4
HOUSE,demo/HOUSE.mp4
HOME,demo/HOME.mp4
HOSPITAL,demo/HOSPITAL.mp4
BATHROOM,demo/BATHROOM.mp4
WATER,demo/WATER.mp4
FOOD,demo/FOOD.mp4
MONEY,demo/MONEY.mp4
PHONE,demo/PHONE.mp4
CAR,demo/CAR.mp4
BOOK,demo/BOOK.mp4
TIME,demo/TIME.mp4
HAPPY,demo/HAPPY.mp4
SAD,demo/SAD.mp4
ANGRY,demo/ANGRY.mp4
LOVE,demo/LOVE.mp4
LIKE,demo/LIKE.mp4
DONT-WANT,demo/DONT-WANT.mp4
AFRAID,demo/AFRAID.mp4
WHO,demo/WHO.mp4
WHAT,demo/WHAT.mp4
WHERE,demo/WHERE.mp4
WHEN,demo/WHEN.mp4
WHY,demo/WHY.mp4
HOW,demo/HOW.mp4
WHICH,demo/WHICH.mp4
TODAY,demo/TODAY.mp4
TOMORROW,demo/TOMORROW.mp4
YESTERDAY,demo/YESTERDAY.mp4
NOW,demo/NOW.mp4
MORNING,demo/MORNING.mp4
NIGHT,demo/NIGHT.mp4
ONE,demo/ONE.mp4
TWO,demo/TWO.mp4
THREE,demo/THREE.mp4
FOUR,demo/FOUR.mp4
FIVE,demo/FIVE.mp4
SIX,demo/SIX.mp4
SEVEN,demo/SEVEN.mp4
EIGHT,demo/EIGHT.mp4
NINE,demo/NINE.mp4
TEN,demo/TEN.mp4
A,demo/A.mp4
B,demo/B.mp4
C,demo/C.mp4
D,demo/D.mp4
E,demo/E.mp4
F,demo/F.mp4
G,demo/G.mp4
H,demo/H.mp4
I,demo/I.mp4
J,demo/J.mp4
K,demo/K.mp4
L,demo/L.mp4
M,demo/M.mp4
N,demo/N.mp4
O,demo/O.mp4
P,demo/P.mp4
Q,demo/Q.mp4
R,demo/R.mp4
S,demo/S.mp4
T,demo/T.mp4
U,demo/U.mp4
V,demo/V.mp4
W,demo/W.mp4
X,demo/X.mp4
Y,demo/Y.mp4
Z,demo/Z.mp4

